src,dst
C6251,C585
C1325,C5721
C6696,C5721
C18288,C23778
C8094,C743
C14471,C5721
C1420,C754
C8535,C585
C23769,C5720
C8528,C5736
C1337,C585
C21380,C754
C17693,C3668
C699,C5720
C13228,C9883
C21869,C754
C22775,C754
C20731,C625
C20491,C5720
C12313,C585
C2654,C754
C11342,C457
C9904,C743
C10380,C585
C8331,C5721
C3342,C5720
C11643,C528
C1442,C366
C10453,C754
C831,C5721
C9020,C2651
C12445,C585
C20229,C585
C16224,C585
C21521,C754
C17693,C21248
C21529,C754
C13121,C743
C22033,C5720
C19748,C2651
C19382,C585
C11981,C5720
C6349,C5721
C11557,C754
C13555,C5736
C10579,C585
C8606,C754
C6600,C457
C6600,C585
C17127,C9883
C10900,C754
C21462,C585
C379,C504
C19240,C585
C711,C5721
C22481,C754
C6391,C754
C17678,C743
C16704,C467
C9906,C5721
C20023,C585
C11831,C754
C18071,C23778
C15692,C2109
C20274,C585
C22336,C5720
C11883,C586
C17693,C17105
C20017,C5720
C22873,C754
C19757,C5721
C16249,C585
C2410,C585
C1567,C2189
C17693,C5782
C6767,C529
C17693,C8131
C20938,C5721
C13356,C585
C17558,C585
C20002,C5720
C23026,C754
C6729,C5463
C16457,C743
C12290,C585
C15836,C585
C8094,C585
C22364,C585
C18005,C585
C19350,C5721
C13730,C457
C10974,C5720
C2057,C4682
C850,C2651
C20716,C529
C6521,C585
C9524,C585
C7237,C754
C14749,C585
C9545,C743
C11827,C754
C15588,C585
C24710,C5672
C6607,C754
C1883,C5720
C21524,C754
C15304,C754
C22668,C585
C9737,C585
C12654,C2651
C8180,C612
C19402,C2651
C19134,C585
C12960,C743
C6771,C457
C9857,C5721
C9093,C743
C9553,C5721
C10688,C585
C3256,C2651
C14642,C2651
C23055,C5720
C22837,C2651
C7499,C585
C14266,C754
C20175,C754
C7844,C15865
C1383,C5721
C19393,C754
C21081,C5721
C14286,C2109
C4109,C585
C8437,C2651
C7519,C585
C8589,C14136
C20896,C612
C5630,C754
C9004,C5720
C21054,C585
C10355,C585
C1165,C585
C12292,C754
C6377,C743
C20069,C585
C7444,C585
C15371,C5720
C7073,C585
C17244,C5721
C153,C585
C234,C5721
C10759,C754
C19737,C585
C18833,C5720
C20023,C5720
C9281,C743
C15368,C754
C19755,C754
C10460,C585
C1875,C754
C731,C754
C17422,C5736
C19111,C585
C15117,C754
C395,C15213
C5864,C1015
C8437,C585
C19057,C2651
C21036,C754
C17693,C708
C16555,C529
C275,C754
C17808,C5720
C1668,C5720
C22154,C26737
C14785,C754
C15795,C585
C1346,C754
C197,C754
C8935,C24136
C1367,C5463
C13606,C5720
C10933,C585
C137,C2651
C117,C5720
C17390,C585
C17693,C9180
C7369,C585
C12371,C585
C11569,C754
C17701,C754
C7208,C5721
C9721,C754
C6419,C754
C20903,C529
C14130,C5720
C19343,C5721
C10,C5721
C13877,C585
C9015,C585
C18369,C5721
C10432,C5721
C12100,C3065
C19292,C585
C9347,C5720
C14092,C585
C9370,C5720
C157,C754
C20375,C585
C10786,C585
C18504,C5720
C6935,C612
C19057,C585
C20035,C5720
C11587,C5721
C7194,C585
C8270,C754
C8111,C5721
C1589,C585
C6878,C5721
C10482,C5721
C1414,C585
C1211,C504
C22933,C754
C16782,C585
C11298,C585
C1518,C5720
C4137,C743
C8475,C2651
C17192,C585
C21814,C4784
C14038,C754
C12244,C5720
C7519,C5720
C20317,C5721
C13250,C2881
C7914,C585
C7871,C5096
C12,C625
C9399,C585
C21800,C3065
C8038,C754
C18142,C5721
C9462,C585
C17217,C5721
C22536,C5721
C15880,C612
C2557,C743
C1837,C585
C19402,C5720
C10069,C2651
C18872,C5720
C985,C585
C21337,C529
C5163,C5721
C3634,C5721
C12773,C585
C17993,C5463
C16405,C467
C11352,C5721
C12199,C5721
C18423,C743
C10907,C743
C19737,C5720
C228,C5721
C11637,C1065
C16784,C625
C18332,C5721
C10118,C22396
C10870,C5463
C21856,C5721
C1539,C5720
C14057,C2109
C21216,C467
C14015,C754
C22700,C5721
C17693,C5850
C6992,C585
C21040,C754
C22828,C754
C13785,C585
C1657,C585
C17693,C24719
C9057,C5721
C10366,C754
C16860,C585
C7788,C5720
C22210,C585
C11364,C585
C1532,C9883
C17390,C5720
C2969,C585
C1130,C743
C12275,C585
C22064,C9883
C13916,C743
C18322,C585
C1201,C2651
C17693,C12599
C18379,C5721
C23812,C5720
C17693,C19582
C1418,C754
C15013,C5720
C16071,C2174
C13691,C585
C17378,C743
C1561,C585
C20250,C457
C1036,C5463
C14934,C457
C12236,C5736
C1059,C585
C14897,C585
C18676,C2651
C4837,C585
C23021,C5721
C1097,C1759
C1068,C5720
C6775,C585
C3036,C585
C13610,C754
C17693,C7730
C1329,C2651
C54,C754
C18466,C585
C1473,C585
C12251,C585
C19385,C5721
C15877,C754
C5931,C743
C11768,C743
C17420,C754
C13279,C585
C10118,C22400
C13003,C585
C20125,C754
C18282,C585
C11944,C585
C9937,C5720
C18346,C5736
C428,C585
C7505,C585
C9687,C586
C12218,C585
C891,C585
C17815,C743
C12298,C743
C5751,C743
C10725,C585
C10776,C754
C16498,C754
C9868,C5721
C13629,C754
C6990,C2651
C247,C585
C16371,C5721
C17993,C585
C1329,C585
C4747,C585
C43,C585
C22050,C2651
C9941,C743
C24171,C754
C22666,C585
C209,C585
C22210,C5720
C327,C2651
C6328,C585
C9992,C585
C21765,C5720
C18965,C5736
C19481,C585
C9671,C585
C18063,C9883
C20107,C754
C947,C5720
C19505,C585
C12654,C754
C18520,C743
C15786,C585
C1266,C9883
C13072,C5721
C15572,C5721
C2535,C754
C23812,C529
C15857,C2651
C17116,C612
C6625,C612
C1544,C585
C22369,C5720
C6619,C585
C22050,C585
C17368,C585
C1227,C5721
C17693,C7117
C6081,C585
C396,C754
C66,C585
C15432,C612
C457,C1947
C14897,C5720
C14967,C585
C1192,C585
C22830,C5721
C22158,C5720
C21,C2651
C15897,C5721
C8141,C9883
C11300,C2651
C9061,C754
C7964,C585
C12281,C5736
C8149,C5720
C22524,C9883
C10751,C754
C22484,C585
C1608,C2651
C5751,C585
C1036,C585
C17010,C754
C12397,C585
C22258,C5736
C15272,C5721
C18566,C625
C18282,C5720
C13492,C754
C6949,C3245
C23084,C2651
C11844,C5463
C9070,C754
C14625,C5721
C5633,C754
C6891,C1065
C680,C17640
C17119,C585
C7404,C585
C1301,C5721
C13813,C754
C21,C585
C20511,C2174
C17993,C5720
C395,C12996
C9072,C585
C1507,C754
C17595,C2651
C1486,C585
C22047,C585
C20813,C625
C19335,C585
C5407,C754
C18906,C5721
C1305,C504
C7075,C585
C2382,C5721
C19145,C585
C395,C13764
C688,C5463
C22885,C5736
C2473,C5721
C9780,C754
C12269,C743
C5815,C585
C16522,C585
C7192,C5720
C3024,C754
C20933,C585
C16748,C743
C72,C585
C15987,C585
C2855,C754
C23048,C754
C3112,C585
C19612,C585
C20420,C5721
C20866,C5720
C13197,C754
C17039,C467
C32,C585
C22693,C754
C22222,C5721
C21207,C612
C10010,C585
C386,C1065
C18910,C585
C16822,C585
C14581,C585
C11427,C585
C12911,C754
C19272,C585
C12854,C585
C5902,C754
C21946,C5721
C10753,C585
C20114,C585
C9416,C5720
C2385,C754
C896,C585
C18313,C5721
C16354,C366
C1156,C754
C2567,C754
C1030,C743
C19025,C5463
C17074,C5720
C2287,C585
C19168,C2651
C9248,C5721
C534,C585
C20539,C743
C22665,C585
C23077,C2651
C1251,C3574
C17468,C5721
C19524,C5720
C9359,C585
C7705,C5720
C9252,C585
C10510,C743
C17526,C5736
C1845,C585
C10794,C5720
C13142,C7298
C8119,C585
C22047,C5720
C5481,C3245
C173,C4784
C11811,C585
C22987,C754
C18453,C585
C21364,C585
C16698,C2651
C12652,C754
C22689,C585
C6071,C5721
C10978,C586
C18613,C5720
C6635,C585
C6467,C585
C9487,C2651
C6935,C457
C9199,C2651
C19926,C754
C13981,C585
C2039,C4682
C3542,C5721
C18785,C743
C920,C585
C10990,C5721
C1091,C5720
C133,C754
C3035,C585
C7103,C5721
C23297,C754
C5763,C24510
C10118,C22397
C17976,C457
C955,C585
C17693,C20096
C12973,C585
C7027,C585
C7564,C529
C2912,C5736
C11585,C3574
C10880,C754
C15987,C5720
C16270,C2021
C7889,C5463
C8745,C585
C16289,C754
C7420,C585
C1202,C612
C9199,C585
C19272,C5720
C21974,C585
C152,C27020
C95,C754
C18863,C585
C7320,C2008
C19040,C585
C2287,C5720
C323,C5463
C22515,C754
C5834,C743
C11408,C754
C18588,C5463
C7369,C625
C3568,C2389
C13724,C585
C1067,C5721
C1148,C5721
C5858,C5721
C20135,C467
C20500,C625
C15324,C5721
C19660,C5736
C7824,C585
C17481,C5721
C23181,C754
C21457,C585
C22106,C5720
C8705,C5720
C2842,C2651
C6865,C743
C23900,C754
C22355,C5721
C14253,C3339
C16103,C231
C8589,C2651
C252,C5721
C17693,C15057
C17945,C612
C727,C2651
C1349,C5721
C5828,C5720
C15321,C754
C7724,C585
C16845,C5720
C12680,C754
C11768,C754
C6484,C585
C5015,C585
C22756,C743
C12294,C585
C6349,C585
C14229,C5721
C19752,C585
C13574,C2174
C742,C448
C1477,C2225
C14233,C743
C9307,C585
C20314,C5721
C2162,C5721
C2076,C529
C18063,C585
C13124,C754
C10219,C2651
C19697,C612
C801,C5721
C6729,C2511
C21296,C23701
C16528,C5721
C7991,C754
C21950,C754
C6203,C529
C20015,C3574
C993,C754
C12810,C2026
C9250,C625
C2269,C754
C13372,C585
C1578,C585
C935,C585
C12085,C2651
C12636,C585
C1730,C2651
C9512,C585
C21510,C585
C23030,C1065
C16004,C585
C16399,C743
C3067,C5721
C17693,C23790
C13988,C754
C14856,C754
C19350,C585
C20846,C5721
C20821,C585
C8887,C743
C20168,C5721
C9262,C5721
C6843,C585
C17974,C754
C7054,C5720
C15049,C2651
C9751,C585
C18420,C20724
C18821,C5721
C11021,C585
C15513,C5736
C13637,C5736
C10415,C743
C6696,C5720
C1849,C585
C1360,C2651
C10675,C585
C12387,C625
C11398,C743
C22881,C5721
C18743,C585
C17881,C2651
C448,C754
C22914,C5721
C23694,C585
C10403,C5720
C751,C2651
C20042,C5721
C9853,C5720
C26347,C5463
C23458,C754
C12623,C5720
C18436,C5720
C24084,C528
C7560,C2651
C21445,C754
C6953,C754
C8681,C754
C26666,C5721
C13715,C585
C18628,C5721
C17338,C754
C19801,C5721
C6625,C585
C20104,C1065
C9,C5720
C13981,C529
C737,C754
C13062,C3574
C18912,C585
C15809,C1922
C19752,C5720
C6229,C585
C15432,C585
C18363,C585
C9242,C585
C18420,C23411
C1623,C585
C16670,C754
C18401,C754
C10321,C5721
C321,C585
C7367,C585
C2290,C754
C8034,C743
C272,C5721
C10380,C5721
C17899,C585
C23154,C585
C99,C5721
C18481,C585
C13314,C5720
C14465,C743
C8109,C585
C12445,C5721
C23867,C754
C12747,C585
C386,C585
C14663,C754
C11374,C1065
C1484,C5736
C19130,C5736
C8086,C585
C739,C5720
C232,C5096
C7701,C2651
C11378,C585
C18371,C585
C17334,C585
C6257,C585
C10579,C5721
C234,C19174
C17693,C20744
C8410,C585
C1425,C585
C7413,C585
C13212,C585
C12798,C585
C1716,C754
C17907,C5720
C19240,C5721
C7564,C625
C17693,C9256
C7633,C585
C22168,C585
C693,C5720
C5909,C5720
C1211,C1056
C5311,C754
C8847,C585
C7215,C743
C11472,C743
C20274,C5721
C20616,C26737
C22179,C5720
C1058,C3139
C17693,C13142
C15663,C754
C10743,C2651
C15423,C754
C395,C16976
C19848,C743
C15057,C754
C206,C5720
C5864,C2174
C12290,C5721
C16214,C754
C1439,C4784
C2039,C2835
C1382,C1763
C11122,C743
C16182,C1193
C23911,C585
C22930,C585
C16275,C2651
C14529,C754
C8034,C585
C12160,C2651
C10163,C585
C9301,C585
C13239,C743
C13142,C5736
C9524,C5721
C12325,C585
C1146,C585
C18142,C585
C13669,C754
C17217,C585
C17205,C754
C12651,C467
C14816,C585
C12604,C743
C22668,C5721
C10299,C5463
C18512,C585
C5163,C585
C23211,C2651
C6528,C754
C14814,C754
C673,C585
C22161,C3574
C6667,C585
C10388,C754
C18473,C585
C20982,C585
C21502,C754
C20293,C467
C23276,C5736
C14078,C585
C10688,C5721
C1410,C743
C1497,C5720
C15300,C754
C11496,C1065
C24270,C754
C7127,C5721
C9389,C5720
C8420,C585
C8109,C5720
C17157,C754
C15189,C754
C8040,C585
C4109,C5721
C1400,C2651
C6169,C7730
C19863,C1065
C7884,C5720
C14987,C585
C5763,C25022
C5076,C585
C12749,C754
C18566,C467
C19511,C585
C450,C754
C20750,C585
C2378,C585
C20069,C5721
C7413,C5720
C14555,C743
C17867,C586
C23133,C24512
C7073,C5721
C19848,C457
C8974,C585
C17800,C5721
C9161,C585
C18379,C585
C6045,C585
C8847,C5720
C15723,C585
C8355,C585
C14134,C585
C8437,C5721
C22940,C754
C436,C5674
C10782,C5721
C7936,C743
C19501,C585
C21801,C754
C20773,C585
C16993,C585
C10163,C5720
C3178,C754
C13657,C5720
C7294,C5720
C7219,C585
C12539,C754
C3634,C5720
C16164,C2651
C1202,C585
C13068,C585
C17039,C743
C9351,C585
C6667,C5720
C18373,C585
C17693,C20935
C21095,C625
C20051,C754
C7418,C585
C18407,C5720
C21995,C585
C17682,C743
C10827,C5721
C1414,C5721
C5594,C754
C9910,C754
C21650,C585
C9024,C5720
C22892,C585
C20642,C5721
C19195,C585
C8040,C5720
C18798,C585
C9743,C625
C19544,C529
C16843,C612
C8052,C743
C19805,C585
C10022,C743
C17693,C14635
C1012,C585
C12566,C754
C886,C5721
C16650,C2651
C9399,C5721
C17800,C2109
C6935,C625
C13981,C625
C1991,C743
C2914,C585
C10697,C5720
C20199,C5721
C17162,C5720
C1837,C5721
C9152,C625
C18325,C23778
C20524,C5789
C9578,C585
C325,C754
C20862,C585
C8974,C5720
C222,C5720
C11459,C5720
C18379,C5720
C6765,C467
C17105,C754
C17159,C585
C3554,C585
C20425,C612
C14028,C2109
C6687,C754
C2816,C585
C17693,C25144
C7552,C754
C7416,C625
C19821,C5720
C7746,C585
C11748,C585
C10458,C585
C5983,C585
C9159,C585
C2559,C5736
C11753,C585
C23118,C585
C19697,C585
C11364,C5721
C21919,C585
C13362,C585
C2969,C5721
C17693,C491
C19109,C5721
C1375,C585
C23029,C585
C17682,C585
C8517,C5096
C23286,C2651
C14938,C754
C19280,C754
C1514,C585
C10980,C585
C1202,C5720
C11673,C585
C391,C3909
C189,C743
C8717,C585
C1311,C504
C18434,C585
C11029,C754
C7235,C467
C1561,C5721
C17066,C754
C15729,C743
C9142,C585
C2633,C5720
C3450,C585
C9820,C743
C10311,C457
C16373,C743
C23242,C5721
C12985,C5721
C12616,C743
C6847,C5720
C22108,C5721
C214,C504
C23286,C585
C10779,C585
C12251,C5721
C18906,C585
C12061,C585
C11374,C585
C13279,C5721
C684,C585
C814,C754
C13003,C5721
C17693,C13043
C12403,C743
C13164,C5721
C21999,C754
C13136,C2651
C7918,C585
C7505,C5721
C22492,C585
C15832,C754
C829,C2026
C6737,C586
C19050,C743
C21102,C754
C19863,C743
C18546,C585
C20281,C754
C5574,C5721
C16277,C529
C19025,C2511
C247,C5721
C395,C20462
C17415,C585
C1343,C754
C5429,C754
C18923,C585
C8458,C457
C14982,C754
C23767,C754
C12857,C585
C189,C585
C1382,C2983
C20207,C743
C17693,C9372
C7192,C586
C22820,C5720
C6973,C743
C13455,C2651
C15729,C585
C23029,C5720
C21993,C585
C19481,C5721
C18880,C2651
C22289,C585
C8441,C5720
C16373,C457
C14500,C754
C12100,C754
C16033,C5720
C12004,C2651
C2637,C585
C20800,C2008
C16085,C3034
C12798,C366
C528,C2647
C5763,C26021
C162,C585
C6619,C5721
C3450,C5720
C14961,C585
C17368,C5721
C22050,C5721
C6081,C5721
C5931,C5721
C7285,C1065
C15333,C754
C17693,C21587
C19162,C585
C10978,C743
C19530,C585
C1746,C585
C7113,C2651
C13455,C585
C14922,C457
C22854,C754
C21800,C754
C12920,C585
C12337,C754
C15429,C5720
C8246,C5721
C10843,C625
C5751,C5721
C17693,C10448
C12753,C5720
C3223,C5720
C10521,C5720
C21491,C585
C18751,C585
C12852,C5463
C137,C3245
C8935,C754
C620,C585
C18727,C585
C7470,C5720
C352,C5736
C17693,C20746
C17180,C5736
C183,C585
C12443,C743
C20420,C5720
C12904,C743
C22583,C754
C200,C585
C7113,C585
C16587,C585
C865,C5720
C22812,C5720
C20530,C585
C20413,C5720
C1061,C2651
C22969,C754
C11856,C754
C23195,C754
C79,C5721
C3268,C2651
C256,C3245
C13074,C585
C17151,C754
C18313,C5720
C22894,C754
C14514,C585
C12733,C585
C19879,C585
C2850,C2651
C12232,C2651
C2087,C585
C16592,C5720
C1541,C5721
C15556,C743
C18420,C24540
C11461,C743
C6767,C743
C16522,C5721
C4260,C585
C3097,C743
C20933,C5721
C995,C754
C72,C5721
C22826,C2651
C12071,C754
C77,C5721
C22935,C2651
C1381,C743
C18462,C743
C20347,C2651
C334,C585
C11165,C754
C18939,C585
C8346,C5720
C16234,C754
C19272,C5721
C10847,C5721
C22762,C585
C9516,C585
C19189,C5721
C20114,C5721
C2505,C585
C11391,C2651
C19424,C585
C14764,C754
C5987,C754
C17583,C754
C18273,C585
C9784,C2651
C12263,C585
C10796,C585
C21714,C585
C11502,C585
C14229,C585
C7192,C467
C18225,C754
C19993,C585
C7121,C5720
C9258,C585
C22010,C2983
C18197,C585
C296,C366
C5401,C743
C1015,C25840
C26975,C2651
C10599,C3245
C5783,C585
C70,C5721
C9359,C5721
C15794,C585
C8719,C585
C138,C3468
C1845,C5721
C13945,C2651
C111,C585
C4866,C754
C17693,C1399
C218,C585
C15556,C585
C5208,C5720
C23099,C585
C12606,C585
C1398,C585
C12852,C585
C5820,C1065
C12525,C743
C8198,C585
C15196,C467
C920,C5721
C22863,C754
C14577,C585
C18462,C457
C6452,C585
C18462,C585
C8891,C754
C10071,C585
C13191,C5720
C7027,C5721
C3173,C585
C822,C754
C17566,C585
C21337,C5826
C290,C743
C1030,C5721
C18603,C585
C15880,C5721
C20660,C754
C17366,C612
C800,C585
C16841,C586
C252,C5720
C10492,C754
C14059,C2651
C23009,C585
C17693,C1587
C21974,C5721
C23090,C754
C22066,C585
C1462,C585
C20206,C743
C919,C754
C12766,C743
C20884,C9883
C22714,C585
C11174,C585
C10523,C5720
C19040,C5721
C9633,C754
C20187,C585
C8011,C743
C1502,C585
C3174,C754
C9849,C743
C2485,C5736
C18375,C5720
C23912,C754
C10146,C743
C7856,C5720
C15721,C585
C7501,C5720
C1364,C585
C5500,C5736
C7285,C743
C1677,C585
C6010,C5720
C18092,C585
C118,C585
C13585,C5720
C17182,C1065
C2162,C5720
C10904,C754
C15729,C754
C6326,C754
C22656,C585
C6652,C585
C16576,C754
C9448,C585
C5908,C625
C528,C2645
C10187,C5720
C11129,C754
C366,C754
C17673,C5720
C976,C2651
C21036,C5720
C8784,C9883
C17693,C20263
C21481,C585
C2819,C585
C9643,C585
C18442,C585
C9176,C585
C13311,C754
C18436,C5721
C15051,C754
C17693,C13194
C13920,C754
C18101,C754
C17552,C5736
C14136,C612
C13553,C457
C19671,C754
C17813,C754
C13553,C585
C10890,C585
C11708,C754
C16366,C585
C468,C585
C7462,C585
C1013,C5721
C21436,C585
C976,C585
C974,C585
C1116,C585
C15705,C5720
C15376,C754
C16344,C5720
C24084,C754
C10445,C457
C23188,C585
C17693,C2346
C151,C1638
C117,C743
C14619,C585
C12718,C585
C23156,C5720
C22432,C754
C22370,C585
C17693,C4866
C6198,C2651
C331,C3468
C1462,C5720
C14130,C743
C8544,C1065
C16125,C529
C528,C2189
C1554,C754
C4144,C585
C1426,C5096
C12240,C754
C6594,C585
C17693,C396
C9368,C743
C20821,C5721
C10846,C5720
C21776,C754
C17297,C585
C21050,C5721
C6843,C5721
C6752,C5463
C19499,C457
C23680,C5721
C1849,C5721
C18309,C3499
C18560,C754
C22094,C585
C18977,C754
C17833,C585
C11206,C754
C19368,C754
C2484,C585
C11870,C2651
C1379,C585
C16397,C25879
C23694,C5721
C1015,C585
C10116,C754
C14477,C754
C13452,C3299
C16580,C5720
C1736,C585
C502,C585
C2586,C585
C16841,C467
C18674,C586
C10283,C2651
C21202,C754
C16596,C585
C1584,C457
C10872,C585
C1584,C585
C15526,C5721
C2850,C754
C16150,C585
C15432,C5721
C20800,C585
C16439,C529
C13150,C5721
C8664,C5720
C1040,C5720
C21814,C3574
C11101,C585
C19240,C5720
C22228,C754
C11741,C5720
C16457,C585
C8169,C743
C17749,C5721
C15546,C754
C14089,C754
C20361,C585
C22116,C5721
C12977,C5721
C725,C5720
C23158,C585
C18827,C585
C23154,C5721
C17693,C24992
C16249,C5720
C823,C5721
C22067,C754
C9545,C585
C24386,C2651
C19827,C5736
C1468,C585
C19556,C585
C11290,C585
C18489,C743
C12046,C625
C15518,C585
C14599,C754
C14848,C529
C6485,C467
C17693,C26814
C6257,C5721
C18975,C5720
C20336,C754
C16816,C743
C710,C2109
C17231,C754
C18371,C5721
C5843,C612
C659,C585
C17500,C754
C8100,C585
C3433,C754
C5628,C5736
C7740,C743
C22378,C585
C636,C585
C19897,C743
C12798,C5721
C17429,C5720
C9568,C2651
C2549,C585
C8964,C3574
C10856,C585
C1206,C2651
C20616,C529
C21147,C5721
C24386,C585
C7838,C585
C17693,C26866
C6949,C5721
C5778,C5721
C15511,C585
C16310,C585
C16397,C5720
C22412,C2651
C7129,C5720
C6377,C585
C1151,C754
C17693,C26624
C3081,C754
C739,C467
C852,C585
C22930,C5721
C13771,C754
C16173,C585
C13465,C5721
C23074,C2651
C17693,C15027
C15288,C2651
C11125,C754
C1165,C5720
C22911,C585
C8794,C754
C9091,C743
C22675,C5720
C20802,C585
C14816,C5721
C903,C585
C16461,C585
C17157,C2174
C13424,C585
C26306,C754
C20442,C743
C22340,C2651
C10607,C586
C5778,C1527
C9116,C754
C6480,C743
C3762,C743
C21193,C25879
C19111,C5720
C6576,C585
C14526,C5698
C1409,C585
C4977,C5463
C17738,C2109
C8437,C5720
C6425,C743
C16275,C5721
C13254,C754
C8420,C5721
C3810,C754
C19556,C5720
C7069,C5720
C8348,C585
C8964,C4784
C18005,C529
C1038,C5721
C19533,C585
C3282,C743
C20185,C585
C7256,C1875
C11578,C585
C19019,C585
C12021,C1875
C15852,C585
C19109,C585
C6763,C754
C13134,C754
C17356,C743
C19493,C585
C8974,C5721
C10508,C585
C338,C754
C2236,C754
C19746,C754
C16775,C2651
C14980,C5721
C10384,C585
C15723,C5721
C380,C3065
C1261,C754
C536,C2651
C1589,C5720
C12766,C754
C9558,C754
C14206,C585
C1175,C5721
C16794,C754
C16993,C5721
C954,C5721
C9341,C585
C1099,C5736
C15540,C2651
C8293,C5720
C7674,C585
C7219,C5721
C10208,C1395
C17693,C4773
C13371,C743
C15538,C754
C1637,C5721
C21711,C754
C22618,C754
C8327,C585
C7170,C754
C22758,C585
C19470,C754
C8756,C5720
C686,C5720
C86,C2983
C1751,C585
C2619,C754
C13225,C585
C13740,C5721
C27,C754
C18996,C585
C10378,C585
C21035,C2651
C17693,C15170
C22844,C585
C1289,C743
C1130,C585
C17096,C585
C16557,C585
C1226,C529
C21650,C5721
C11435,C5736
C740,C585
C1503,C4667
C19996,C2174
C19434,C585
C13619,C585
C21193,C5720
C394,C743
C17693,C12205
C21983,C585
C1012,C5721
C13270,C585
C6535,C457
C1232,C585
C8232,C585
C5802,C11238
C16860,C5720
C14462,C754
C7668,C5721
C9753,C585
C6931,C4682
C2914,C5721
C979,C5720
C17378,C457
C19229,C754
C17378,C585
C4977,C585
C20546,C754
C2833,C585
C1503,C2438
C18239,C585
C19542,C754
C16447,C529
C10005,C743
C8741,C5720
C12885,C754
C1016,C5721
C19692,C585
C18953,C585
C11527,C585
C10552,C5720
C528,C2679
C2846,C2651
C7746,C5721
C21132,C585
C3611,C585
C11768,C585
C9159,C5721
C395,C20416
C278,C754
C6649,C754
C12202,C529
C6001,C5720
C6775,C5720
C17815,C457
C17016,C754
C17363,C5721
C17815,C585
C18270,C585
C22220,C5720
C9114,C585
C11555,C585
C23029,C5721
C11775,C5736
C17682,C5721
C19857,C9883
C20496,C1065
C25685,C17640
C11673,C5721
C10976,C2651
C891,C5720
C2846,C585
C16258,C743
C5802,C23107
C15315,C754
C9142,C5721
C149,C743
C887,C5736
C8139,C5720
C7597,C2651
C21024,C585
C4308,C5721
C10134,C585
C21432,C754
C10199,C585
C11096,C754
C350,C2651
C8758,C585
C17693,C16576
C1225,C754
C10962,C5720
C14302,C5721
C23286,C5721
C10779,C5721
C11246,C743
C11374,C5721
C22859,C5721
C9992,C5720
C12197,C585
C7878,C754
C19643,C743
C13907,C754
C5808,C20114
C10520,C585
C592,C17640
C7918,C5721
C1415,C2651
C10039,C585
C2277,C754
C7254,C754
C17693,C11188
C548,C754
C19697,C2109
C77,C585
C12382,C585
C21606,C585
C16869,C585
C17368,C5720
C20988,C754
C17363,C2109
C21222,C5721
C1501,C5720
C17083,C754
C576,C5463
C9533,C585
C20429,C2651
C10043,C585
C18923,C5721
C395,C9192
C17693,C1526
C22746,C585
C11477,C743
C8441,C2109
C21216,C1065
C98,C585
C10847,C585
C10568,C754
C23925,C23778
C339,C585
C1145,C585
C12430,C585
C8264,C585
C5751,C5720
C23297,C529
C20851,C754
C13248,C5720
C21993,C5721
C10529,C585
C22835,C754
C14994,C754
C17693,C13254
C11001,C743
C11372,C585
C1456,C2651
C532,C4289
C10016,C5736
C18211,C5736
C18839,C585
C7683,C5720
C10033,C585
C8517,C5463
C20212,C754
C21902,C585
C9042,C585
C20548,C2651
C162,C5721
C13555,C754
C20429,C585
C13855,C754
C11637,C585
C17693,C26739
C16377,C754
C15397,C743
C16191,C612
C17014,C5720
C20137,C585
C14532,C5720
C10199,C5720
C16739,C754
C19530,C5721
C12720,C2651
C1746,C5721
C13455,C5721
C16,C585
C14587,C585
C12269,C585
C19400,C585
C6259,C743
C14529,C2651
C20764,C585
C23084,C5720
C9186,C5721
C17392,C2651
C2783,C5720
C9637,C585
C487,C2651
C21491,C5721
C20681,C754
C11455,C754
C13896,C2651
C20084,C5720
C367,C585
C16601,C585
C14629,C2651
C14539,C2174
C3112,C5720
C1372,C585
C767,C5721
C21043,C585
C17590,C754
C12194,C585
C1030,C585
C18043,C625
C14523,C585
C200,C5721
C16587,C5721
C21061,C457
C20530,C5721
C21061,C585
C21298,C743
C20864,C754
C17693,C20230
C13709,C754
C18910,C5720
C16507,C754
C15500,C754
C12061,C467
C11001,C585
C20511,C1065
C11677,C585
C17895,C2651
C9657,C585
C10455,C5721
C17693,C24792
C487,C585
C19462,C585
C1053,C585
C6590,C585
C17699,C754
C13937,C754
C283,C585
C15410,C585
C3310,C754
C19430,C2651
C17929,C754
C18438,C585
C16447,C625
C10390,C7298
C7429,C5720
C12199,C1065
C21902,C5720
C7190,C5721
C22554,C754
C19270,C585
C20889,C529
C11492,C754
C1287,C2651
C14467,C5463
C12770,C5736
C20496,C743
C13309,C5720
C8155,C585
C11938,C585
C14136,C754
C2505,C5721
C8188,C5736
C18312,C754
C7296,C5736
C22761,C754
C15180,C585
C13418,C585
C6316,C585
C7328,C24135
C17693,C391
C15800,C585
C18825,C2651
C15024,C585
C22738,C5720
C21734,C2651
C19993,C5721
C9733,C754
C18147,C2651
C7144,C467
C18141,C5721
C6283,C585
C14409,C754
C17693,C6922
C331,C504
C16251,C1065
C9685,C754
C18386,C585
C5783,C5721
C132,C754
C7027,C5720
C12036,C5736
C17693,C23674
C11858,C457
C5742,C5720
C13489,C743
C17847,C754
C17693,C9881
C17693,C11173
C106,C585
C5834,C585
C11671,C754
C9570,C5463
C1611,C448
C8992,C5720
C5910,C2174
C242,C743
C23099,C5721
C21389,C754
C8653,C5721
C7975,C3245
C16827,C754
C19040,C5720
C6733,C585
C771,C2651
C17554,C5721
C15575,C585
C313,C2651
C18462,C5721
C14476,C5720
C7635,C585
C8213,C529
C21247,C754
C10071,C5721
C10421,C5463
C4642,C754
C13918,C2109
C10541,C585
C1141,C585
C21457,C5720
C12306,C585
C16088,C585
C9206,C585
C5843,C529
C219,C585
C22756,C585
C15868,C585
C22462,C754
C719,C2651
C23009,C5721
C23223,C585
C8843,C754
C13726,C754
C21397,C467
C9958,C585
C14561,C2651
C22066,C5721
C9871,C5721
C4262,C585
C16026,C2651
C16260,C754
C21069,C5720
C286,C754
C19990,C2651
C23290,C754
C6467,C529
C2084,C585
C19132,C5736
C2024,C585
C629,C5721
C13412,C754
C1251,C46
C1365,C585
C21216,C2651
C17451,C2519
C4574,C5463
C11013,C754
C118,C5721
C22685,C585
C1013,C5720
C9386,C585
C18690,C585
C13150,C585
C15527,C5721
C22656,C5721
C8968,C585
C19970,C754
C11344,C585
C1825,C2651
C18320,C585
C5834,C5720
C7030,C585
C14220,C5463
C11856,C5736
C18411,C5721
C22866,C585
C6998,C585
C8887,C585
C18442,C5721
C10301,C743
C21061,C529
C20860,C754
C545,C5721
C1449,C754
C14544,C585
C12111,C585
C6064,C754
C690,C585
C1726,C585
C10303,C585
C12236,C754
C20135,C612
C12657,C585
C8234,C585
C10890,C5721
C2657,C754
C11514,C5721
C11021,C5720
C468,C5721
C17693,C375
C912,C585
C21152,C754
C9289,C585
C8664,C5721
C653,C585
C21436,C5721
C1073,C585
C3745,C2651
C9000,C754
C22852,C585
C9617,C5720
C23188,C5721
C19176,C5721
C13750,C5463
C22543,C754
C21182,C754
C18353,C2109
C14619,C5721
C17572,C1065
C8522,C585
C1649,C585
C10543,C585
C22370,C5721
C11827,C2174
C14967,C625
C348,C18266
C22649,C2651
C1292,C754
C8526,C585
C10208,C1277
C5793,C585
C20569,C585
C6963,C585
C22925,C585
C9778,C5720
C8770,C754
C14589,C754
C5751,C625
C22946,C5736
C15905,C5789
C22171,C585
C17693,C20125
C10757,C585
C1387,C743
C220,C5720
C4969,C754
C9469,C585
C9024,C743
C17833,C5721
C19166,C743
C14842,C7298
C21787,C22400
C17146,C5721
C4984,C754
C17693,C16739
C11344,C5720
C13026,C754
C18965,C754
C16555,C467
C1736,C5721
C18986,C612
C12448,C743
C7822,C743
C502,C5721
C22102,C2519
C6003,C585
C4574,C585
C6736,C585
C23154,C5720
C10407,C585
C4267,C5721
C44,C754
C12747,C5720
C16251,C743
C8194,C585
C20455,C585
C13158,C743
C8563,C585
C14549,C585
C1584,C5721
C1423,C585
C1637,C368
C13623,C585
C7215,C585
C9755,C585
C20800,C5721
C17693,C10805
C13212,C5720
C15180,C754
C2915,C585
C14322,C585
C12082,C754
C16069,C5721
C1211,C549
C497,C585
C19848,C585
C22852,C5720
C19920,C5720
C5818,C9883
C8248,C585
C6679,C585
C4657,C743
C6269,C585
C11122,C585
C18599,C5720
C12759,C754
C12996,C754
C20995,C585
C9222,C585
C22258,C754
C21161,C754
C10305,C754
C8028,C585
C144,C585
C395,C14638
C14079,C5736
C12604,C585
C8698,C754
C16901,C585
C2109,C3049
C2526,C585
C17718,C585
C10256,C585
C13750,C585
C659,C5721
C8836,C2651
C876,C2109
C22378,C5721
C1725,C585
C1410,C585
C17924,C754
C6883,C1065
C11847,C585
C14984,C754
C520,C754
C23030,C2651
C11574,C585
C355,C5720
C1089,C4682
C2,C9883
C18004,C585
C10245,C1922
C2549,C5721
C6903,C585
C11305,C5720
C10856,C5721
C952,C754
C9498,C457
C934,C3370
C53,C5721
C9498,C585
C14010,C5721
C13173,C457
C342,C3468
C10079,C585
C13173,C585
C11922,C754
C16969,C754
C1162,C585
C15765,C585
C22885,C754
C131,C585
C799,C585
C2710,C612
C395,C10874
C16961,C5826
C18777,C754
C6115,C743
C10997,C754
C2548,C585
C16040,C585
C11694,C754
C3282,C2189
C16173,C5721
C14330,C754
C6467,C625
C395,C792
C13956,C5720
C10900,C5736
C22303,C5736
C1199,C754
C23030,C585
C20242,C743
C3767,C585
C16191,C5720
C15530,C5721
C13511,C2651
C1690,C585
C7608,C2651
C903,C5721
C19083,C1065
C23012,C2651
C1016,C585
C12956,C585
C6045,C5720
C9764,C585
C20340,C585
C10173,C585
C2971,C754
C5936,C612
C21147,C529
C150,C743
C9260,C2651
C10150,C2651
C1409,C5721
C10364,C3245
C19785,C585
C4854,C754
C914,C5720
C17693,C14736
C5243,C585
C9276,C754
C8348,C5721
C16033,C743
C9098,C585
C10946,C754
C14625,C743
C11551,C1065
C16087,C612
C15852,C5721
C3422,C585
C13352,C5463
C19787,C2651
C2521,C4667
C1277,C2651
C19297,C754
C285,C2651
C12847,C2651
C10508,C5721
C9256,C754
C689,C754
C1211,C3468
C21643,C585
C1542,C585
C1011,C754
C8481,C18266
C9317,C5720
C8919,C743
C8787,C5720
C17377,C585
C7869,C585
C16062,C2109
C20007,C585
C1991,C585
C1426,C585
C17306,C754
C5237,C585
C22892,C5720
C18947,C585
C2521,C448
C11464,C585
C749,C585
C20908,C585
C18067,C754
C473,C585
C992,C754
C22048,C585
C15047,C585
C8659,C743
C13386,C5698
C9698,C585
C19750,C754
C1345,C585
C7668,C5720
C6793,C585
C5224,C585
C12689,C585
C13486,C743
C7720,C585
C18623,C585
C10561,C754
C25760,C754
C16154,C754
C7674,C5721
C6073,C4682
C12628,C2109
C8412,C5736
C8100,C743
C22758,C5721
C14003,C585
C10707,C585
C18151,C2651
C17693,C500
C7924,C754
C9820,C2651
C768,C754
C7523,C754
C9799,C585
C597,C585
C17693,C925
C10618,C585
C9343,C585
C11567,C585
C15900,C585
C7746,C5720
C19653,C5720
C591,C1549
C10458,C5720
C22781,C585
C18420,C23139
C19499,C612
C17351,C754
C13311,C2651
C16555,C1065
C19526,C2651
C22183,C754
C138,C1056
C8232,C5721
C1217,C5736
C17956,C754
C7144,C743
C9098,C5720
C23085,C754
C973,C585
C9753,C5721
C2560,C585
C13576,C743
C13303,C754
C8901,C585
C10169,C743
C8728,C585
C5609,C585
C295,C585
C21334,C585
C6524,C5720
C17090,C754
C17151,C18266
C17459,C612
C8661,C5720
C12616,C585
C17693,C1593
C11527,C5721
C9498,C529
C4915,C754
C4767,C2651
C17167,C754
C11629,C457
C13744,C585
C3542,C743
C898,C743
C8236,C585
C22802,C754
C16079,C457
C7575,C585
C9862,C5721
C17693,C1401
C6338,C743
C18963,C754
C8873,C743
C7944,C743
C8868,C5721
C18495,C585
C22859,C5720
C20919,C585
C12835,C754
C322,C754
C23158,C612
C19225,C5721
C1188,C585
C460,C585
C22961,C754
C17693,C12100
C21709,C754
C6296,C2651
C20520,C1065
C7328,C23269
C20406,C612
C21619,C585
C7760,C743
C21323,C625
C395,C20099
C26969,C5721
C575,C9883
C21024,C5721
C6973,C457
C22291,C2651
C13576,C457
C6973,C585
C15513,C754
C20944,C754
C14296,C754
C6834,C5463
C16441,C5721
C704,C585
C10138,C467
C809,C5720
C6775,C467
C7247,C585
C10907,C467
C17693,C17874
C17693,C2293
C9776,C585
C5997,C754
C8,C5721
C6669,C585
C21312,C754
C1857,C743
C11484,C743
C788,C754
C22909,C585
C20195,C754
C5778,C23778
C6521,C1065
C21993,C5720
C11437,C5720
C10520,C5721
C1775,C585
C20104,C529
C940,C754
C19969,C585
C9040,C585
C1349,C743
C400,C754
C326,C504
C14967,C2109
C6945,C585
C11099,C585
C16125,C743
C22291,C585
C7162,C585
C19477,C585
C11665,C1821
C3292,C585
C6454,C585
C7190,C585
C8084,C2651
C8121,C5721
C3057,C585
C21823,C231
C8820,C5721
C16760,C5096
C7318,C457
C22746,C5721
C6583,C585
C10764,C743
C19238,C5720
C5802,C19697
C136,C754
C14451,C585
C23254,C2651
C339,C5721
C22471,C585
C10585,C585
C18971,C743
C11733,C743
C13570,C1065
C12133,C585
C15965,C585
C5948,C3173
C1324,C754
C7156,C2651
C331,C1056
C16401,C754
C18908,C585
C8308,C5721
C24464,C754
C1506,C754
C11372,C5721
C17693,C23507
C18244,C754
C6913,C5720
C2873,C754
C21619,C5720
C5787,C20561
C11637,C5721
C15967,C585
C20664,C2651
C21741,C585
C13931,C5463
C1050,C585
C10988,C5720
C11292,C743
C7235,C1065
C9990,C5721
C12057,C585
C11766,C754
C11461,C585
C6271,C585
C8653,C585
C17633,C529
C18767,C585
C22988,C754
C22710,C754
C22859,C585
C14514,C5720
C20764,C5721
C11661,C5720
C18986,C5720
C3597,C754
C9637,C5721
C15202,C2651
C20141,C457
C13640,C2651
C6945,C5720
C16507,C2174
C13807,C585
C15713,C754
C16601,C5721
C10764,C585
C16369,C743
C1315,C585
C14683,C743
C18672,C585
C11118,C585
C20664,C585
C1372,C5721
C19292,C1065
C13866,C5720
C8960,C625
C4939,C754
C22671,C585
C14523,C5721
C6389,C5720
C20135,C529
C3268,C5720
C9061,C5736
C6213,C2651
C983,C585
C21464,C585
C22020,C5720
C7558,C754
C22824,C2651
C8668,C585
C3342,C585
C8827,C5720
C7780,C2651
C8849,C5721
C5401,C585
C22523,C754
C23276,C754
C18468,C5789
C12263,C5720
C12443,C5720
C18558,C2651
C21746,C754
C16976,C754
C10380,C743
C22033,C585
C528,C2951
C13785,C22398
C18197,C5720
C12517,C585
C3407,C754
C811,C754
C7658,C5720
C8673,C743
C16983,C585
C11108,C5721
C15672,C754
C18365,C585
C23200,C585
C1112,C3468
C11013,C7298
C17668,C585
C22824,C585
C11738,C754
C18432,C585
C805,C585
C12057,C5720
C18624,C585
C6600,C743
C22336,C585
C8011,C2651
C14202,C743
C12852,C5720
C15296,C9883
C11388,C754
C20520,C743
C20002,C585
C19587,C585
C17693,C585
C20246,C754
C2954,C5720
C15800,C5721
C13931,C585
C1721,C585
C1430,C585
C1093,C743
C18986,C529
C3784,C743
C11449,C5720
C1616,C529
C11514,C585
C17090,C5839
C1352,C2651
C22758,C9883
C3684,C754
C21711,C2651
C1663,C5721
C1489,C2651
C15358,C754
C14537,C585
C20664,C5720
C20206,C457
C1883,C585
C3173,C5720
C22671,C5720
C18326,C585
C12406,C585
C22333,C585
C23911,C5720
C5904,C231
C18005,C743
C16358,C743
C8011,C457
C8117,C5721
C13086,C529
C21374,C754
C22548,C754
C2385,C5736
C6521,C743
C10146,C585
C19201,C5789
C22716,C2519
C23055,C585
C211,C585
C2164,C585
C22668,C743
C8223,C743
C5632,C754
C19134,C743
C11517,C22398
C1432,C754
C9154,C2651
C11065,C5720
C9004,C585
C12904,C529
C18092,C5720
C8238,C1065
C18785,C2109
C12438,C585
C13030,C5720
C22513,C5720
C6551,C5720
C1141,C5721
C7279,C585
C10121,C5463
C22380,C754
C15880,C467
C330,C754
C13570,C743
C15868,C5721
C22987,C5736
C12675,C754
C14517,C467
C7716,C457
C18500,C585
C21482,C754
C805,C5720
C8209,C2189
C6574,C585
C22574,C585
C9929,C585
C17125,C754
C19744,C754
C1465,C585
C17205,C467
C7059,C585
C18054,C754
C3596,C2651
C16375,C585
C545,C5720
C6383,C585
C652,C585
C245,C5721
C1397,C2651
C6947,C585
C19158,C754
C1454,C585
C1668,C585
C18959,C585
C2084,C5721
C16936,C5721
C5301,C504
C18043,C743
C9549,C5721
C20791,C754
C18013,C5721
C12745,C754
C4334,C5721
C1747,C5721
C13346,C754
C667,C585
C281,C585
C6330,C5463
C14638,C754
C22997,C585
C14130,C585
C16619,C585
C16663,C585
C19922,C585
C403,C585
C14453,C585
C8887,C5721
C10650,C585
C10118,C1487
C13205,C5721
C2811,C585
C7756,C585
C5720,C11661
C11021,C2109
C16447,C743
C12496,C754
C13378,C754
C17693,C17292
C1726,C5721
C22540,C754
C10909,C5720
C19292,C743
C3238,C2651
C10303,C5721
C7639,C585
C15937,C585
C370,C585
C22752,C457
C23812,C743
C19057,C743
C20505,C585
C1269,C2651
C1817,C5720
C8169,C2651
C22753,C754
C9289,C5721
C653,C5721
C7227,C585
C1073,C5721
C12841,C754
C22852,C5721
C15126,C585
C5802,C18043
C10419,C2651
C17693,C17420
C1379,C5720
C5107,C2651
C1015,C5720
C17528,C585
C16262,C467
C12651,C529
C6332,C754
C19086,C612
C18468,C585
C19503,C467
C6574,C5720
C502,C5720
C8034,C586
C8522,C5721
C3916,C2651
C1539,C585
C11815,C585
C985,C743
C15432,C2109
C13755,C5736
C12773,C743
C5793,C5721
C20532,C2519
C11631,C743
C14922,C625
C25554,C585
C3349,C894
C14431,C754
C22171,C5721
C7788,C585
C7067,C585
C1319,C1763
C7396,C754
C16549,C5720
C9095,C18135
C9696,C754
C23280,C5721
C17693,C20059
C1187,C585
C19780,C5826
C23158,C5720
C18139,C2651
C6003,C5721
C19475,C585
C8021,C5721
C8011,C529
C634,C585
C6889,C754
C1477,C585
C234,C585
C11394,C585
C6673,C5721
C13369,C5720
C20455,C5721
C22027,C585
C2650,C754
C8741,C743
C20114,C1065
C8060,C5736
C17693,C8490
C810,C529
C9729,C2109
C14262,C585
C3862,C585
C19191,C743
C16042,C754
C9242,C467
C9491,C2651
C14220,C5721
C1068,C585
C16750,C754
C1423,C5721
C7215,C5721
C22378,C5720
C16796,C754
C6407,C754
C9755,C5721
C13593,C585
C19031,C5736
C10555,C5720
C17909,C754
C23072,C585
C571,C585
C17163,C585
C1322,C529
C19867,C2651
C18139,C585
C17693,C5650
C6269,C5721
C19509,C754
C22869,C585
C1543,C585
C15337,C585
C9295,C585
C174,C754
C17693,C14455
C8028,C5721
C16841,C612
C12917,C2651
C12137,C585
C20269,C754
C830,C754
C2849,C585
C6377,C5720
C14988,C743
C4941,C754
C21402,C2651
C1350,C5463
C21052,C585
C11936,C585
C16965,C585
C17662,C585
C10537,C2651
C19873,C754
C13750,C5721
C26606,C754
C14919,C585
C1725,C5721
C6480,C585
C1410,C5721
C14823,C5721
C9647,C625
C9122,C5720
C869,C5720
C12638,C754
C444,C585
C11516,C2651
C11574,C5721
C16461,C5720
C247,C743
C1440,C743
C16303,C754
C18487,C9883
C485,C5721
C10221,C754
C9498,C5721
C6066,C585
C12873,C754
C21514,C754
C5811,C754
C15765,C5721
C8009,C2651
C453,C754
C22666,C743
C1162,C5721
C1796,C754
C6909,C585
C7416,C1065
C3282,C585
C19603,C5736
C216,C743
C11394,C5720
C16778,C754
C17693,C4798
C19481,C743
C20503,C754
C17693,C12816
C8470,C754
C13638,C754
C19632,C5721
C1574,C585
C12107,C7298
C577,C7298
C23030,C5721
C14176,C585
C7808,C585
C22158,C585
C19976,C754
C1690,C5721
C15852,C5720
C18533,C5721
C14967,C743
C17693,C21814
C17693,C21356
C12956,C5721
C13236,C585
C5924,C2109
C10384,C5720
C1543,C5720
C22342,C2651
C2968,C5720
C158,C5721
C16673,C754
C10835,C5721
C6661,C457
C2103,C5720
C13248,C743
C7934,C5721
C838,C585
C11936,C5720
C1083,C754
C10572,C743
C1169,C754
C8184,C585
C13243,C5696
C11888,C2651
C755,C2651
C8169,C529
C21556,C5720
C19199,C743
C6407,C5096
C6931,C22400
C1289,C585
C395,C24781
C16737,C754
C6834,C2511
C12076,C457
C1542,C5721
C17774,C585
C9895,C754
C1751,C5720
C1209,C5720
C10022,C5721
C394,C585
C1567,C4667
C7472,C585
C24710,C4592
C6909,C5720
C8472,C743
C14644,C585
C1130,C5720
C14025,C754
C20866,C585
C1450,C5720
C740,C5720
C2689,C5736
C13156,C754
C14975,C754
C9238,C5720
C15540,C5720
C23189,C754
C11086,C585
C21983,C5720
C15998,C585
C19797,C585
C847,C585
C20084,C743
C18890,C585
C12640,C5826
C20896,C743
C6793,C5721
C7556,C2651
C1248,C585
C20821,C1065
C12428,C585
C11088,C5720
C19515,C754
C166,C585
C348,C5736
C2833,C5720
C8180,C2651
C11021,C1065
C19570,C754
C10101,C2651
C10707,C5721
C17693,C22275
C23767,C528
C9192,C754
C8196,C5463
C15187,C754
C7597,C585
C10753,C743
C19189,C743
C20114,C743
C2485,C754
C597,C5721
C22774,C585
C9611,C585
C11567,C5721
C21499,C5721
C2109,C1947
C7705,C585
C7542,C754
C90,C5720
C9544,C754
C22674,C585
C11734,C585
C16291,C1065
C20027,C5721
C7556,C585
C9820,C586
C7910,C754
C12125,C5721
C22001,C585
C8513,C585
C10373,C585
C18423,C529
C17788,C754
C8180,C585
C8919,C5721
C138,C504
C22027,C754
C17759,C754
C8941,C5463
C18613,C585
C18151,C5721
C149,C585
C4785,C18057
C3762,C529
C1845,C743
C17693,C2848
C15432,C1065
C236,C754
C1369,C754
C21334,C5721
C295,C5721
C59,C3370
C17070,C754
C1091,C585
C1023,C585
C5981,C585
C9941,C5720
C14722,C2651
C11954,C585
C20013,C585
C6467,C743
C13352,C5721
C17233,C2651
C12810,C743
C14759,C612
C11219,C529
C18348,C585
C20065,C5736
C8236,C5721
C5802,C20539
C16746,C5721
C20283,C754
C19643,C585
C13452,C754
C22092,C754
C118,C17640
C9026,C585
C22106,C2651
C17796,C585
C19797,C5720
C8,C5720
C17614,C23778
C12178,C585
C20384,C754
C3194,C13863
C9902,C5463
C10245,C754
C17133,C585
C20358,C2174
C14307,C754
C12638,C2511
C7416,C743
C21787,C585
C5787,C19636
C241,C585
C22085,C5721
C3185,C754
C10158,C585
C8780,C585
C11477,C585
C20431,C585
C22961,C612
C15961,C5721
C21095,C457
C21606,C5720
C16869,C5720
C12751,C585
C6973,C5721
C20224,C5721
C9423,C743
C21353,C625
C1865,C585
C704,C5721
C6135,C585
C21814,C1152
C22107,C585
C14476,C743
C8196,C585
C22746,C5720
C14692,C585
C7824,C743
C8513,C5720
C5828,C585
C1906,C1973
C8026,C2855
C7154,C585
C8615,C585
C9743,C585
C16845,C585
C16258,C5720
C19038,C2651
C1112,C504
C22909,C5721
C16689,C585
C9649,C5720
C16318,C585
C1775,C5721
C6939,C625
C15397,C585
C21389,C18266
C521,C2651
C21207,C1065
C18716,C5721
C13785,C22400
C1453,C754
C17693,C14417
C5808,C16369
C8026,C2651
C1457,C2651
C115,C5720
C2934,C754
C7577,C5721
C18729,C585
C3292,C5721
C13866,C5721
C11517,C22396
C1487,C754
C11637,C5720
C18935,C754
C18644,C754
C7952,C3065
C15602,C585
C8426,C585
C16070,C528
C6729,C5096
C7416,C457
C420,C585
C1089,C1763
C14527,C754
C22660,C2069
C6353,C585
C2658,C585
C22471,C5721
C15958,C585
C8810,C754
C12178,C5720
C15965,C5721
C1251,C4784
C13568,C754
C12133,C5721
C19086,C5720
C614,C585
C16841,C585
C1788,C585
C625,C15005
C12998,C585
C16565,C5721
C241,C5720
C22571,C754
C8287,C743
C20548,C5720
C21298,C585
C8587,C5721
C314,C585
C17693,C19540
C8192,C585
C1583,C5463
C6696,C585
C20356,C754
C1372,C5720
C16524,C754
C739,C743
C21612,C754
C12720,C5720
C1050,C5721
C8117,C585
C19139,C467
C11418,C585
C909,C2651
C12057,C5721
C18586,C585
C20539,C5720
C15682,C754
C8331,C585
C8849,C5720
C11872,C585
C5782,C22226
C19889,C2651
C7456,C2651
C358,C5721
C1569,C2651
C7154,C5720
C8615,C5720
C831,C585
C12623,C585
C11736,C754
C20873,C754
C20267,C585
C1588,C2651
C11585,C4784
C3893,C585
C20938,C2651
C1026,C585
C3309,C754
C9330,C585
C13807,C5721
C16291,C743
C18072,C754
C17693,C13410
C7782,C5720
C6810,C25879
C17131,C3574
C711,C585
C17680,C754
C15882,C585
C602,C5721
C15213,C754
C6727,C585
C22592,C754
C1063,C585
C21800,C5736
C976,C2189
C3342,C5721
C11755,C5720
C6810,C585
C5763,C15507
C19757,C585
C1588,C585
C17315,C5721
C3071,C585
C10486,C5721
C21182,C18266
C401,C585
C14738,C585
C13489,C585
C485,C585
C7123,C585
C1953,C754
C12588,C754
C8903,C2651
C15497,C754
C1161,C754
C739,C585
C11950,C2651
C10118,C22399
C16875,C743
C8266,C5720
C1245,C5720
C19059,C585
C242,C585
C12013,C585
C19544,C743
C23200,C5721
C10925,C754
C17668,C5721
C17968,C5721
C1291,C585
C5909,C585
C7637,C585
C21931,C754
C9857,C585
C347,C585
C18309,C5466
C9553,C585
C7845,C5721
C342,C1056
C871,C585
C15516,C585
C4120,C5721
C13521,C585
C8257,C5789
C17217,C5463
C2660,C585
C16048,C754
C10204,C5720
C12632,C612
C1020,C2651
C19587,C5721
C21216,C585
C206,C585
C6733,C5720
C940,C5736
C20267,C5720
C21081,C585
C17131,C4784
C17693,C8681
C6979,C2651
C17993,C5096
C1567,C1763
C17885,C754
C23192,C585
C10438,C585
C958,C2651
C7635,C5720
C22912,C754
C5778,C743
C5901,C585
C22679,C585
C17693,C13035
C14537,C5721
C20707,C5721
C8935,C3299
C1883,C5721
C1141,C5720
C2471,C754
C12766,C5721
C22333,C5721
C17693,C5746
C22677,C585
C19263,C9883
C10997,C3287
C1497,C585
C9958,C5720
C13185,C5720
C12560,C754
C2164,C5721
C4937,C754
C21853,C754
C355,C743
C2057,C4667
C6979,C585
C14354,C754
C14969,C2519
C10779,C1065
C2812,C2651
C10630,C3649
C1074,C754
C5828,C754
C368,C754
C307,C585
C18852,C529
C13576,C612
C12438,C5721
C17693,C1971
C16379,C2651
C23911,C467
C10607,C743
C12570,C585
C2057,C2438
C7208,C585
C9884,C2651
C18142,C2651
C19343,C585
C16760,C585
C8784,C19684
C7030,C5720
C16547,C743
C15809,C5721
C9974,C743
C18369,C585
C3634,C2651
C7637,C5720
C8823,C754
C20201,C754
C8941,C754
C12341,C754
C13062,C4784
C11587,C585
C8111,C585
C2812,C585
C13942,C2651
C10482,C585
C816,C585
C1517,C585
C8974,C743
C17679,C5782
C6947,C5721
C14220,C585
C11607,C5720
C8891,C5736
C457,C3049
C14980,C743
C20317,C585
C18146,C754
C12887,C585
C6865,C529
C934,C585
C667,C5721
C912,C5720
C76,C585
C5211,C754
C281,C5721
C13657,C585
C17693,C20811
C17996,C457
C22536,C585
C1382,C2021
C12786,C754
C16549,C5721
C2150,C5721
C22997,C5721
C10091,C5721
C16619,C5721
C20509,C585
C14286,C529
C11352,C585
C1303,C20738
C11105,C5096
C12199,C585
C12228,C612
C6433,C585
C17875,C754
C22118,C585
C21856,C585
C14076,C585
C1202,C743
C22700,C585
C441,C754
C1445,C585
C10273,C585
C18893,C754
C9378,C5720
C12347,C5826
C9057,C585
C16148,C585
C20011,C1065
C20505,C5721
C10904,C5736
C11009,C754
C10012,C5096
C16814,C5720
C22057,C585
C21394,C754
C17162,C585
C17464,C585
C6705,C743
C8454,C1065
C17693,C548
C15126,C5721
C8897,C612
C19534,C585
C17693,C24340
C17528,C5721
C19669,C5720
C13158,C585
C5802,C11159
C1168,C585
C14284,C585
C12414,C754
C11815,C5721
C783,C5720
C19900,C2651
C20667,C625
C18101,C5736
C679,C743
C10992,C5720
C22875,C2651
C19223,C5721
C23021,C585
C22161,C4784
C9032,C585
C463,C2651
C6566,C2109
C8577,C754
C18298,C5721
C3153,C5720
C18533,C585
C9755,C5720
C17693,C13348
C20080,C585
C14309,C5720
C17823,C18057
C436,C754
C19385,C585
C3436,C2008
C20209,C585
C6846,C585
C349,C585
C9159,C743
C11609,C5720
C18306,C9883
C8994,C5736
C11729,C754
C19266,C585
C3349,C10506
C1564,C2651
C19697,C743
C9537,C754
C13877,C5721
C21174,C2651
C17857,C5720
C12002,C5720
C6917,C5721
C13362,C743
C158,C585
C5787,C20667
C17693,C11225
C7460,C2651
C1477,C5721
C19282,C585
C21418,C5720
C11394,C5721
C14076,C5720
C7194,C5721
C22208,C754
C7934,C585
C16704,C625
C12604,C5720
C9868,C585
C18540,C585
C13918,C1065
C22027,C5721
C21776,C5736
C646,C5721
C10701,C585
C463,C585
C19830,C529
C16371,C585
C14519,C754
C13899,C754
C416,C585
C14262,C5721
C837,C2651
C15268,C754
C7050,C5720
C6458,C585
C11847,C5720
C11194,C754
C22332,C2651
C9453,C585
C13732,C754
C677,C585
C17163,C5721
C17264,C754
C11356,C585
C17116,C754
C22820,C2651
C16251,C5720
C9498,C5720
C22878,C585
C22869,C5721
C1168,C5720
C10277,C585
C10589,C14980
C10779,C743
C12061,C743
C13072,C585
C684,C743
C21913,C5721
C2849,C5721
C742,C2021
C17512,C5720
C1227,C585
C16965,C5721
C12684,C585
C18739,C754
C17662,C5721
C20416,C754
C19025,C5096
C2470,C754
C745,C504
C22830,C585
C11645,C9883
C11961,C585
C15897,C585
C21415,C529
C444,C5721
C346,C5721
C16941,C5463
C15443,C585
C14169,C2651
C12702,C754
C15584,C754
C10293,C743
C7258,C2651
C15272,C585
C8673,C612
C8080,C585
C714,C754
C16033,C585
C3282,C5721
C15833,C585
C14625,C585
C11208,C585
C395,C1338
C1301,C585
C664,C585
C22402,C2651
C18660,C2174
C1829,C5721
C1054,C754
C14268,C9883
C8645,C612
C15457,C754
C14848,C1065
C21076,C585
C8768,C2651
C11904,C754
C16465,C743
C22731,C5736
C17693,C16234
C20520,C612
C20187,C1065
C625,C3049
C1447,C754
C865,C2651
C18353,C1065
C20413,C2651
C21949,C585
C6865,C625
C10118,C22398
C15782,C754
C15429,C585
C670,C585
C2428,C754
C2382,C585
C12753,C585
C1255,C585
C15485,C5720
C2270,C23881
C8346,C743
C390,C585
C21356,C754
C6192,C5720
C14922,C743
C1096,C5721
C21129,C754
C17693,C14398
C21748,C754
C19572,C585
C20699,C26737
C4407,C585
C20420,C585
C12036,C754
C18771,C3245
C8184,C5721
C13168,C14122
C20413,C585
C19446,C2651
C7722,C2651
C17979,C9883
C20891,C625
C3787,C585
C20684,C585
C19391,C5720
C9165,C2651
C457,C315
C1345,C5720
C12689,C5720
C20862,C5720
C13191,C5463
C1481,C585
C18313,C585
C150,C5720
C19127,C743
C11851,C585
C15193,C585
C7371,C585
C9950,C743
C11557,C2651
C16592,C585
C7346,C585
C22085,C585
C12951,C5721
C12920,C2651
C18584,C585
C12513,C754
C9799,C5720
C13074,C743
C15487,C5736
C16405,C625
C15961,C585
C11567,C5720
C14644,C5721
C8754,C585
C692,C754
C1484,C18266
C11843,C5720
C22452,C5721
C18423,C467
C1112,C1056
C21331,C754
C2056,C754
C11086,C5721
C2057,C2021
C233,C754
C16332,C585
C12964,C585
C166,C5721
C14597,C5720
C1890,C2651
C15804,C585
C10716,C2109
C17911,C2651
C22327,C5720
C898,C585
C18572,C754
C15477,C1015
C733,C585
C22166,C754
C2848,C2651
C16038,C585
C7103,C585
C6787,C5720
C6771,C1065
C7381,C2651
C7705,C5721
C9430,C585
C13486,C5720
C11061,C5720
C12403,C5720
C7771,C5720
C9309,C586
C16210,C585
C15843,C754
C12021,C585
C8180,C5721
C1279,C743
C17202,C754
C18613,C5721
C3442,C585
C149,C5721
C656,C585
C395,C9895
C16758,C5720
C11637,C586
C10442,C585
C7346,C5720
C23093,C585
C22085,C5720
C6548,C585
C1067,C585
C15324,C2021
C11231,C754
C20013,C5721
C5858,C585
C15324,C585
C6515,C585
C11549,C1065
C4936,C2651
C6407,C5463
C17481,C585
C21787,C22399
C1857,C585
C8754,C5720
C11719,C2651
C2007,C1124
C8970,C754
C7722,C5720
C20314,C2651
C13795,C754
C9723,C585
C18929,C585
C9666,C754
C11643,C2109
C25685,C585
C252,C585
C17584,C754
C7834,C585
C1349,C585
C17182,C612
C10753,C5721
C22909,C5720
C22706,C2651
C17133,C5721
C97,C585
C15477,C23778
C17566,C743
C10523,C585
C19025,C1922
C9694,C585
C21787,C5721
C11551,C585
C11841,C2651
C1540,C5721
C3067,C2651
C5356,C754
C10158,C5721
C16070,C754
C1535,C2651
C10227,C5721
C11099,C5720
C776,C467
C4002,C5720
C17693,C12697
C10867,C585
C9931,C5720
C14438,C1883
C5862,C25022
C14848,C743
C13675,C754
C5593,C754
C23769,C585
C2162,C585
C18971,C457
C12751,C5721
C20187,C743
C11733,C585
C801,C585
C299,C585
C12399,C743
C18353,C743
C19803,C743
C22558,C1763
C8424,C1973
C18813,C5720
C21036,C585
C16528,C585
C20133,C754
C16344,C2651
C1064,C585
C18806,C5720
C6551,C743
C20000,C1719
C8615,C5721
C645,C2651
C2174,C54
C1040,C5463
C9399,C9883
C9631,C754
C6703,C612
C3067,C585
C7898,C754
C18908,C5720
C499,C585
C9529,C457
C6517,C5720
C20846,C585
C1952,C585
C14848,C2651
C20168,C585
C12469,C585
C22157,C754
C9262,C585
C14214,C754
C18821,C585
C18312,C2174
C177,C2651
C1090,C585
C18487,C5721
C3309,C2881
C1037,C5720
C5891,C585
C12515,C2651
C6398,C754
C8426,C5721
C8344,C585
C7666,C5720
C15705,C585
C22881,C585
C1050,C5720
C6363,C1065
C22914,C585
C10579,C743
C13576,C529
C6192,C366
C13553,C743
C3194,C585
C20541,C2651
C8009,C612
C20042,C585
C17693,C11861
C17137,C585
C6219,C5463
C20099,C754
C23156,C585
C5878,C754
C22210,C9883
C14683,C585
C614,C5721
C9309,C467
C8026,C5721
C1801,C585
C17425,C5721
C10390,C754
C12812,C9883
C19735,C5463
C26666,C585
C18353,C457
C1857,C2026
C14619,C743
C9138,C5721
C16572,C2651
C6883,C529
C10527,C585
C6055,C5720
C20552,C529
C6659,C585
C8192,C5721
